designation,group,index,side_a,side_b,jumper_group
-U1-X2:24V:1,24V,1,+C1-U1-X2:24V:2; +C1-U1-T1:+,,1
-U1-X2:24V:2,24V,2,+C1-U1-X2:24V:1; +C1-U1-X2:24V:3; +C1-U1-C1:24 V,,1
-U1-X2:24V:3,24V,3,+C1-U1-X2:24V:2; +C1-U1-C1:+; +C1-U1-X2:24V:4,,1
-U1-X2:24V:4,24V,4,+C1-U1-X2:24V:3; +C1-U1-J2:1; +C1-U1-X2:24V:5,,1
-U1-X2:24V:5,24V,5,+C1-U1-Q11:53/NO; +C1-U1-X2:24V:6; +C1-U1-X2:24V:4,,1
-U1-X2:24V:6,24V,6,+C1-U1-B12:97; +C1-U1-X2:24V:7; +C1-U1-X2:24V:5,,1
-U1-X2:24V:7,24V,7,+C1-U1-X2:24V:8; +C1-U1-Q11:13/NO; +C1-U1-X2:24V:6,,1
-U1-X2:24V:8,24V,8,+C1-U1-X2:24V:7; +C1-U1-Q21:53/NO; +C1-U1-X2:24V:9,,1
-U1-X2:24V:9,24V,9,+C1-U1-B22:97; +C1-U1-X2:24V:10; +C1-U1-X2:24V:8,,1
-U1-X2:24V:10,24V,10,+C1-U1-X2:24V:9; +C1-U1-Q21:13/NO,,1
-U1-X2:GND:1,GND,1,+C1-U1-X2:GND:2; +C1-U1-T1:-,,2
-U1-X2:GND:2,GND,2,+C1-U1-X2:GND:1; +C1-U1-C1:0V; +C1-U1-X2:GND:3,,2
-U1-X2:GND:3,GND,3,+C1-U1-X2:GND:4; +C1-U1-X2:GND:2; +C1-U1-C1:-,,2
-U1-X2:GND:4,GND,4,+C1-U1-Q11:A2; +C1-U1-X2:GND:5; +C1-U1-X2:GND:3,,2
-U1-X2:GND:5,GND,5,+C1-U1-P1:X2; +C1-U1-X2:GND:6; +C1-U1-X2:GND:4,,2
-U1-X2:GND:6,GND,6,+C1-U1-X2:GND:7; +C1-U1-Q21:A2; +C1-U1-X2:GND:5,,2
-U1-X2:GND:7,GND,7,+C1-U1-X2:GND:6; +C1-U1-P2:X2,,2
