from,to,colour,cross_section_mm2,label
+C1-U1-B12:95,+C1-U1-J2:2,WH,1.5,-U1-B12:95 -U1-J2:2
+C1-U1-B12:96,+C1-U1-Q11:A1,WH,1.5,-U1-B12:96 -U1-Q11:A1
+C1-U1-B12:98,+C1-U1-DI1:DI1,WH,1.5,-U1-B12:98 -U1-DI1:DI1
+C1-U1-B22:95,+C1-U1-J2:3,WH,1.5,-U1-B22:95 -U1-J2:3
+C1-U1-B22:96,+C1-U1-Q21:A1,WH,1.5,-U1-B22:96 -U1-Q21:A1
+C1-U1-B22:98,+C1-U1-DI1:DI3,WH,1.5,-U1-B22:98 -U1-DI1:DI3
+C1-U1-DI1:DI2,+C1-U1-Q11:14,WH,1.5,-U1-DI1:DI2 -U1-Q11:14
+C1-U1-DI1:DI4,+C1-U1-Q21:14,WH,1.5,-U1-DI1:DI4 -U1-Q21:14
+C1-U1-DO1:0V,+C1-U1-J1:3,WH,0.5,-U1-DO1:0V -U1-J1:3
+C1-U1-DO1:DO1,+C1-U1-J1:1,WH,0.5,-U1-DO1:DO1 -U1-J1:1
+C1-U1-DO1:DO2,+C1-U1-J1:2,WH,0.5,-U1-DO1:DO2 -U1-J1:2
+C1-U1-F01:2,+C1-U1-T1:L/+,BN,1.5,-U1-F01:2 -U1-T1:L/+
+C1-U1-F01:N 4,+C1-U1-T1:N/-,BU,1.5,-U1-F01:N 4 -U1-T1:N/-
+C1-U1-F11:2,+C1-U1-Q11:1/L1,BN,1.5,-U1-F11:2 -U1-Q11:1/L1
+C1-U1-F11:4,+C1-U1-Q11:3/L2,BK,1.5,-U1-F11:4 -U1-Q11:3/L2
+C1-U1-F11:6,+C1-U1-Q11:5/L3,GY,1.5,-U1-F11:6 -U1-Q11:5/L3
+C1-U1-F21:2,+C1-U1-Q21:1/L1,BN,1.5,-U1-F21:2 -U1-Q21:1/L1
+C1-U1-F21:4,+C1-U1-Q21:3/L2,BK,1.5,-U1-F21:4 -U1-Q21:3/L2
+C1-U1-F21:6,+C1-U1-Q21:5/L3,GY,1.5,-U1-F21:6 -U1-Q21:5/L3
+C1-U1-P1:X1,+C1-U1-Q11:54,WH,1.5,-U1-P1:X1 -U1-Q11:54
+C1-U1-P2:X1,+C1-U1-Q21:54,WH,1.5,-U1-P2:X1 -U1-Q21:54
+C1-U1-U2-J1:1,+C1-U1-U2-K1:A1,WH,0.5,-U1-U2-J1:1 -U1-U2-K1:A1
+C1-U1-U2-J1:2,+C1-U1-U2-K2:A1,WH,0.5,-U1-U2-J1:2 -U1-U2-K2:A1
+C1-U1-U2-J1:3,+C1-U1-U2-K1:A2,WH,0.5,-U1-U2-J1:3 -U1-U2-K1:A2
+C1-U1-U2-J1:3,+C1-U1-U2-K2:A2,WH,0.5,-U1-U2-J1:3 -U1-U2-K2:A2
+C1-U1-U2-J2:1,+C1-U1-U2-K1:11,WH,0.5,-U1-U2-J2:1 -U1-U2-K1:11
+C1-U1-U2-J2:1,+C1-U1-U2-K2:11,WH,0.5,-U1-U2-J2:1 -U1-U2-K2:11
+C1-U1-U2-J2:2,+C1-U1-U2-K1:14,WH,0.5,-U1-U2-J2:2 -U1-U2-K1:14
+C1-U1-U2-J2:3,+C1-U1-U2-K2:14,WH,0.5,-U1-U2-J2:3 -U1-U2-K2:14
+C1-U1-X01:L1:1,+C1-U1-Q1:2T1,BN,2.5,-U1-X01:L1:1 -U1-Q1:2T1
+C1-U1-X01:L1:2,+C1-U1-F01:1,BN,1.5,-U1-X01:L1:2 -U1-F01:1
+C1-U1-X01:L1:3,+C1-U1-F11:1,BN,1.5,-U1-X01:L1:3 -U1-F11:1
+C1-U1-X01:L1:4,+C1-U1-F21:1,BN,1.5,-U1-X01:L1:4 -U1-F21:1
+C1-U1-X01:L2:1,+C1-U1-Q1:4T2,BK,2.5,-U1-X01:L2:1 -U1-Q1:4T2
+C1-U1-X01:L2:3,+C1-U1-F11:3,BK,1.5,-U1-X01:L2:3 -U1-F11:3
+C1-U1-X01:L2:4,+C1-U1-F21:3,BK,1.5,-U1-X01:L2:4 -U1-F21:3
+C1-U1-X01:L3:1,+C1-U1-Q1:6T3,GY,2.5,-U1-X01:L3:1 -U1-Q1:6T3
+C1-U1-X01:L3:3,+C1-U1-F11:5,GY,1.5,-U1-X01:L3:3 -U1-F11:5
+C1-U1-X01:L3:4,+C1-U1-F21:5,GY,1.5,-U1-X01:L3:4 -U1-F21:5
+C1-U1-X1:L1:1,+C1-U1-Q1:1L1,BN,2.5,-U1-X1:L1:1 -U1-Q1:1L1
+C1-U1-X1:L2:1,+C1-U1-Q1:3L2,BK,2.5,-U1-X1:L2:1 -U1-Q1:3L2
+C1-U1-X1:L3:1,+C1-U1-Q1:5L3,GY,2.5,-U1-X1:L3:1 -U1-Q1:5L3
+C1-U1-X1:N:1,+C1-U1-F01:3 N,BU,1.5,-U1-X1:N:1 -U1-F01:3 N
+C1-U1-X2:24V:1,+C1-U1-T1:+,RD,1.5,-U1-X2:24V:1 -U1-T1:+
+C1-U1-X2:24V:10,+C1-U1-Q21:13/NO,RD,1.5,-U1-X2:24V:10 -U1-Q21:13/NO
+C1-U1-X2:24V:2,+C1-U1-C1:24 V,RD,1.5,-U1-X2:24V:2 -U1-C1:24 V
+C1-U1-X2:24V:3,+C1-U1-C1:+,RD,1.5,-U1-X2:24V:3 -U1-C1:+
+C1-U1-X2:24V:4,+C1-U1-J2:1,RD,0.5,-U1-X2:24V:4 -U1-J2:1
+C1-U1-X2:24V:5,+C1-U1-Q11:53/NO,RD,1.5,-U1-X2:24V:5 -U1-Q11:53/NO
+C1-U1-X2:24V:6,+C1-U1-B12:97,RD,1.5,-U1-X2:24V:6 -U1-B12:97
+C1-U1-X2:24V:7,+C1-U1-Q11:13/NO,RD,1.5,-U1-X2:24V:7 -U1-Q11:13/NO
+C1-U1-X2:24V:8,+C1-U1-Q21:53/NO,RD,1.5,-U1-X2:24V:8 -U1-Q21:53/NO
+C1-U1-X2:24V:9,+C1-U1-B22:97,RD,1.5,-U1-X2:24V:9 -U1-B22:97
+C1-U1-X2:GND:1,+C1-U1-T1:-,BK,1.5,-U1-X2:GND:1 -U1-T1:-
+C1-U1-X2:GND:2,+C1-U1-C1:0V,BK,1.5,-U1-X2:GND:2 -U1-C1:0V
+C1-U1-X2:GND:3,+C1-U1-C1:-,BK,1.5,-U1-X2:GND:3 -U1-C1:-
+C1-U1-X2:GND:4,+C1-U1-Q11:A2,BK,1.5,-U1-X2:GND:4 -U1-Q11:A2
+C1-U1-X2:GND:5,+C1-U1-P1:X2,BK,1.5,-U1-X2:GND:5 -U1-P1:X2
+C1-U1-X2:GND:6,+C1-U1-Q21:A2,BK,1.5,-U1-X2:GND:6 -U1-Q21:A2
+C1-U1-X2:GND:7,+C1-U1-P2:X2,BK,1.5,-U1-X2:GND:7 -U1-P2:X2
+C1-U1-X3:U:1,+C1-U1-B12:2/T1,BN,1.5,-U1-X3:U:1 -U1-B12:2/T1
+C1-U1-X3:U:2,+C1-U1-B22:2/T1,BN,1.5,-U1-X3:U:2 -U1-B22:2/T1
+C1-U1-X3:V:1,+C1-U1-B12:4/T2,BK,1.5,-U1-X3:V:1 -U1-B12:4/T2
+C1-U1-X3:V:2,+C1-U1-B22:4/T2,BK,1.5,-U1-X3:V:2 -U1-B22:4/T2
+C1-U1-X3:W:1,+C1-U1-B12:6/T3,GY,1.5,-U1-X3:W:1 -U1-B12:6/T3
+C1-U1-X3:W:2,+C1-U1-B22:6/T3,GY,1.5,-U1-X3:W:2 -U1-B22:6/T3
