label,end_a_designation,end_b_designation
,-B12:2/T1,-X3:U:1
,-B12:3/L2,-Q11:4/T2
,-B12:4/T2,-X3:V:1
,-B12:5/L3,-Q11:6/T3
,-B12:95,-J2:2
,-B12:96,-Q11:A1
,-B12:97,-X2:24V:6
,-B22:1/L1,-Q21:2/T1
,-B22:2/T1,-X3:U:2
,-B22:3/L2,-Q21:4/T2
,-B22:4/T2,-X3:V:2
,-B22:5/L3,-Q21:6/T3
,-B22:6/T3,-X3:W:2
,-B22:97,-X2:24V:9
,-C1:+,-X2:24V:3
,-C1:+,-DI1:24V
,-C1:-,-X2:GND:3
,-C1:-,-DO1:0V
,-C1:0V,-X2:GND:2
,-C1:24 V,-X2:24V:2
,-DI1:0V,-C1:-
,-DI1:DI1,-B12:98
,-DI1:DI3,-B22:98
,-DI1:DI4,-Q21:14
,-DO1:24V,-C1:+
,-F01:1,-X01:L1:2
,-F01:2,-T1:L/+
,-F01:3 N,-X1:N:1
,-F01:N 4,-T1:N/-
,-F11:2,-Q11:1/L1
,-F11:3,-X01:L2:3
,-F11:4,-Q11:3/L2
,-F21:1,-X01:L1:4
,-F21:2,-Q21:1/L1
,-F21:3,-X01:L2:4
,-J1:1,-DO1:DO1
,-J1:2,-DO1:DO2
,-J1:3,-DO1:0V
,-J2:3,-B22:95
,-Q11:13/NO,-X2:24V:7
,-Q11:14,-DI1:DI2
,-Q11:2/T1,-B12:1/L1
,-Q11:5/L3,-F11:6
,-Q12:54,-P1:X1
,-Q1:3L2,-X1:L2:1
,-Q1:4T2,-X01:L2:1
,-Q1:5L3,-X1:L3:1
,-Q21:13/NO,-X2:24V:10
,-Q21:3/L2,-F21:4
,-Q21:5/L3,-F21:6
,-Q21:A1,-B22:96
,-Q21:A2,-X2:GND:6
,-Q22:53/NO,-X2:24V:8
,-Q22:54,-P2:X1
,-X01:L1:1,-Q1:2T1
,-X01:L1:3,-F11:1
,-X01:L3:1,-Q1:6T3
,-X01:L3:3,-F11:5
,-X01:L3:4,-F21:5
,-X1:L1:1,-Q1:1L1
,-X2:24V:1,-T1:+
,-X2:24V:4,-J2:1
,-X2:24V:5,-Q12:53/NO
,-X2:GND:1,-T1:-
,-X2:GND:4,-Q11:A2
,-X2:GND:5,-P1:X2
,-X2:GND:7,-P2:X2
,-X3:PE:1,-X1:PE:1
,-X3:PE:2,-X1:PE:1
,-X3:W:1,-B12:6/T3
