designation,reference,description
-B12,=P1-B12,"TeSys thermal overload relay, class 10A, 2.5-4 A, 1 NO + 1 NC"
-B22,=P2-B22,"TeSys thermal overload relay, class 10A, 2.5-4 A, 1 NO + 1 NC"
-C1,=PLC-C1,"PFC200 controller, 2nd generation, 2x ETHERNET, RS-232/-485"
-DI1,=PLC-DI1,"4-channel digital input module, 24 V DC"
-DO1,=PLC-DO1,"4-channel digital output module, 24 V DC; 0.5 A"
-E1,=PLC-E1,"End module, terminates the internal data bus; no data contacts"
-F01,=CTL-F01,"Miniature circuit breaker, 1P+N, curve C; 6 A"
-F11,=P1-F11,"Fuse holder, 3-pole, 10x38 mm; 32 A"
-F21,=P2-F21,"Fuse holder, 3-pole, 10x38 mm; 32 A"
-J1,=PLC-J1,"PCB connector plug, 3-pin, 5.08 mm pitch"
-J2,=PLC-J2,"PCB connector plug, 3-pin, 5.08 mm pitch"
-P1,=P1-P1,"Pilot light 22 mm, green, integrated LED 24 V AC/DC"
-P2,=P2-P2,"Pilot light 22 mm, green, integrated LED 24 V AC/DC"
-Q1,=SUP-Q1,"Switch-disconnector, 3-pole; 16 A"
-Q11,=P1-Q11,"TeSys D contactor, 3-pole, AC-3 9 A, 1 NO + 1 NC auxiliary, 24 V DC coil"
-Q21,=P2-Q21,"TeSys D contactor, 3-pole, AC-3 9 A, 1 NO + 1 NC auxiliary, 24 V DC coil"
-T1,=CTL-T1,"Power supply, 1-phase, 24 V DC; 2.5 A"
-U1,=PLC-U1,
-X01,-X01,
-X01:L1:1,=SUP-X01:L1:1,"TOPJOB S feed-through terminal block, 2.5 mm2, grey; 24 A; 800 V"
-X01:L1:2,=SUP-X01:L1:2,"TOPJOB S feed-through terminal block, 2.5 mm2, grey; 24 A; 800 V"
-X01:L1:3,=SUP-X01:L1:3,"TOPJOB S feed-through terminal block, 2.5 mm2, grey; 24 A; 800 V"
-X01:L1:4,=SUP-X01:L1:4,"TOPJOB S feed-through terminal block, 2.5 mm2, grey; 24 A; 800 V"
-X01:L2:1,=SUP-X01:L2:1,"TOPJOB S feed-through terminal block, 2.5 mm2, grey; 24 A; 800 V"
-X01:L2:2,=SUP-X01:L2:2,"TOPJOB S feed-through terminal block, 2.5 mm2, grey; 24 A; 800 V"
-X01:L2:3,=SUP-X01:L2:3,"TOPJOB S feed-through terminal block, 2.5 mm2, grey; 24 A; 800 V"
-X01:L2:4,=SUP-X01:L2:4,"TOPJOB S feed-through terminal block, 2.5 mm2, grey; 24 A; 800 V"
-X01:L3:1,=SUP-X01:L3:1,"TOPJOB S feed-through terminal block, 2.5 mm2, grey; 24 A; 800 V"
-X01:L3:2,=SUP-X01:L3:2,"TOPJOB S feed-through terminal block, 2.5 mm2, grey; 24 A; 800 V"
-X01:L3:3,=SUP-X01:L3:3,"TOPJOB S feed-through terminal block, 2.5 mm2, grey; 24 A; 800 V"
-X01:L3:4,=SUP-X01:L3:4,"TOPJOB S feed-through terminal block, 2.5 mm2, grey; 24 A; 800 V"
-X1,-X1,
-X1:L1:1,=SUP-X1:L1:1,"TOPJOB S feed-through terminal block, 2.5 mm2, grey; 24 A; 800 V"
-X1:L2:1,=SUP-X1:L2:1,"TOPJOB S feed-through terminal block, 2.5 mm2, grey; 24 A; 800 V"
-X1:L3:1,=SUP-X1:L3:1,"TOPJOB S feed-through terminal block, 2.5 mm2, grey; 24 A; 800 V"
-X1:N:1,=SUP-X1:N:1,"TOPJOB S feed-through terminal block, 2.5 mm2, grey; 24 A; 800 V"
-X1:PE:1,=SUP-X1:PE:1,"TOPJOB S ground terminal block, 2.5 mm2, green-yellow"
-X2,-X2,
-X2:24V:1,=CTL-X2:24V:1,"TOPJOB S feed-through terminal block, 2.5 mm2, grey; 24 A; 800 V"
-X2:24V:10,=CTL-X2:24V:10,"TOPJOB S feed-through terminal block, 2.5 mm2, grey; 24 A; 800 V"
-X2:24V:2,=CTL-X2:24V:2,"TOPJOB S feed-through terminal block, 2.5 mm2, grey; 24 A; 800 V"
-X2:24V:3,=CTL-X2:24V:3,"TOPJOB S feed-through terminal block, 2.5 mm2, grey; 24 A; 800 V"
-X2:24V:4,=CTL-X2:24V:4,"TOPJOB S feed-through terminal block, 2.5 mm2, grey; 24 A; 800 V"
-X2:24V:5,=CTL-X2:24V:5,"TOPJOB S feed-through terminal block, 2.5 mm2, grey; 24 A; 800 V"
-X2:24V:6,=CTL-X2:24V:6,"TOPJOB S feed-through terminal block, 2.5 mm2, grey; 24 A; 800 V"
-X2:24V:7,=CTL-X2:24V:7,"TOPJOB S feed-through terminal block, 2.5 mm2, grey; 24 A; 800 V"
-X2:24V:8,=CTL-X2:24V:8,"TOPJOB S feed-through terminal block, 2.5 mm2, grey; 24 A; 800 V"
-X2:24V:9,=CTL-X2:24V:9,"TOPJOB S feed-through terminal block, 2.5 mm2, grey; 24 A; 800 V"
-X2:GND:1,=CTL-X2:GND:1,"TOPJOB S feed-through terminal block, 2.5 mm2, grey; 24 A; 800 V"
-X2:GND:2,=CTL-X2:GND:2,"TOPJOB S feed-through terminal block, 2.5 mm2, grey; 24 A; 800 V"
-X2:GND:3,=CTL-X2:GND:3,"TOPJOB S feed-through terminal block, 2.5 mm2, grey; 24 A; 800 V"
-X2:GND:4,=CTL-X2:GND:4,"TOPJOB S feed-through terminal block, 2.5 mm2, grey; 24 A; 800 V"
-X2:GND:5,=CTL-X2:GND:5,"TOPJOB S feed-through terminal block, 2.5 mm2, grey; 24 A; 800 V"
-X2:GND:6,=CTL-X2:GND:6,"TOPJOB S feed-through terminal block, 2.5 mm2, grey; 24 A; 800 V"
-X2:GND:7,=CTL-X2:GND:7,"TOPJOB S feed-through terminal block, 2.5 mm2, grey; 24 A; 800 V"
-X3,-X3,
-X3:PE:1,=P1-X3:PE:1,"TOPJOB S ground terminal block, 2.5 mm2, green-yellow"
-X3:PE:2,=P2-X3:PE:2,"TOPJOB S ground terminal block, 2.5 mm2, green-yellow"
-X3:U:1,=P1-X3:U:1,"TOPJOB S feed-through terminal block, 2.5 mm2, grey; 24 A; 800 V"
-X3:U:2,=P2-X3:U:2,"TOPJOB S feed-through terminal block, 2.5 mm2, grey; 24 A; 800 V"
-X3:V:1,=P1-X3:V:1,"TOPJOB S feed-through terminal block, 2.5 mm2, grey; 24 A; 800 V"
-X3:V:2,=P2-X3:V:2,"TOPJOB S feed-through terminal block, 2.5 mm2, grey; 24 A; 800 V"
-X3:W:1,=P1-X3:W:1,"TOPJOB S feed-through terminal block, 2.5 mm2, grey; 24 A; 800 V"
-X3:W:2,=P2-X3:W:2,"TOPJOB S feed-through terminal block, 2.5 mm2, grey; 24 A; 800 V"
